"ServerName","ID","Domain","ServerName","","Priority","FindingsGroup","Finding","DatabaseName","URL","Details","CheckID"
"MSI","24005","","MSI","2026-03-15 20:13:50 +13:00","0","sp_Blitz Nov 24 2025 12:00AM","SQL Server First Responder Kit","","http://FirstResponderKit.org/","To get help or add your own contributions, join us at http://FirstResponderKit.org.","-1"
"MSI","24006","","MSI","2026-03-15 20:13:50 +13:00","1","Backup","Backing Up to Same Drive Where Databases Reside","","https://www.brentozar.com/go/backup","5655 backups done on drive C:\ in the last two weeks, where database files also live. This represents a serious risk if that array fails.","93"
"MSI","24007","","MSI","2026-03-15 20:13:50 +13:00","20","File Configuration","TempDB on C Drive","tempdb","https://www.brentozar.com/go/cdrive","The tempdb database has files on the C drive.  TempDB frequently grows unpredictably, putting your server at risk of running out of C drive space and crashing hard.  C is also often much slower than other drives, so performance may be suffering.","25"
"MSI","24008","","MSI","2026-03-15 20:13:50 +13:00","20","Reliability","User Databases on C Drive","Capitec_PowerBI","https://www.brentozar.com/go/cdrive","The Capitec_PowerBI database has a file on the C drive.  Putting databases on the C drive runs the risk of crashing the server when it runs out of space.","26"
"MSI","24009","","MSI","2026-03-15 20:13:50 +13:00","20","Reliability","User Databases on C Drive","LXLCloudGateway","https://www.brentozar.com/go/cdrive","The LXLCloudGateway database has a file on the C drive.  Putting databases on the C drive runs the risk of crashing the server when it runs out of space.","26"
"MSI","24010","","MSI","2026-03-15 20:13:50 +13:00","20","Reliability","User Databases on C Drive","PBIReportServer","https://www.brentozar.com/go/cdrive","The PBIReportServer database has a file on the C drive.  Putting databases on the C drive runs the risk of crashing the server when it runs out of space.","26"
"MSI","24011","","MSI","2026-03-15 20:13:50 +13:00","20","Reliability","User Databases on C Drive","PBIReportServerTempDB","https://www.brentozar.com/go/cdrive","The PBIReportServerTempDB database has a file on the C drive.  Putting databases on the C drive runs the risk of crashing the server when it runs out of space.","26"
"MSI","24012","","MSI","2026-03-15 20:13:50 +13:00","20","Reliability","User Databases on C Drive","PerformanceMonitor","https://www.brentozar.com/go/cdrive","The PerformanceMonitor database has a file on the C drive.  Putting databases on the C drive runs the risk of crashing the server when it runs out of space.","26"
"MSI","24013","","MSI","2026-03-15 20:13:50 +13:00","20","Reliability","User Databases on C Drive","ReportServer","https://www.brentozar.com/go/cdrive","The ReportServer database has a file on the C drive.  Putting databases on the C drive runs the risk of crashing the server when it runs out of space.","26"
"MSI","24014","","MSI","2026-03-15 20:13:50 +13:00","20","Reliability","User Databases on C Drive","ReportServerTempDB","https://www.brentozar.com/go/cdrive","The ReportServerTempDB database has a file on the C drive.  Putting databases on the C drive runs the risk of crashing the server when it runs out of space.","26"
"MSI","24015","","MSI","2026-03-15 20:13:50 +13:00","20","Reliability","User Databases on C Drive","SQLDBA.ORG","https://www.brentozar.com/go/cdrive","The SQLDBA.ORG database has a file on the C drive.  Putting databases on the C drive runs the risk of crashing the server when it runs out of space.","26"
"MSI","24016","","MSI","2026-03-15 20:13:50 +13:00","20","Reliability","User Databases on C Drive","SQLWATCH","https://www.brentozar.com/go/cdrive","The SQLWATCH database has a file on the C drive.  Putting databases on the C drive runs the risk of crashing the server when it runs out of space.","26"
"MSI","24017","","MSI","2026-03-15 20:13:50 +13:00","50","Performance","Poison Wait Detected: RESOURCE_SEMAPHORE","","https://www.brentozar.com/go/poison/#RESOURCE_SEMAPHORE","0:00:13:16 of this wait have been recorded. This wait often indicates killer performance problems.","107"
"MSI","24018","","MSI","2026-03-15 20:13:50 +13:00","50","Performance","Recovery Interval Not Optimal","SQLWATCH","https://sqlperformance.com/2020/05/system-configuration/0-to-60-switching-to-indirect-checkpoints","The database [SQLWATCH] has a target recovery interval of 0, which is a legacy default, and should be changed to 60.","257"
"MSI","24019","","MSI","2026-03-15 20:13:50 +13:00","100","Performance","Indexes Disabled","SQLDBA.ORG","https://www.brentozar.com/go/ixoff","The index [SQLDBA.ORG].[dbo].[000_AllChecks_ConsultantTasks].[IX_01] is disabled.  This index is not actually helping performance and should either be enabled or removed.","47"
"MSI","24020","","MSI","2026-03-15 20:13:50 +13:00","100","Performance","Indexes Disabled","SQLDBA.ORG","https://www.brentozar.com/go/ixoff","The index [SQLDBA.ORG].[dbo].[000_AllChecks_ConsultantTasks].[IX_SQLDBA_2023_10_27_002] is disabled.  This index is not actually helping performance and should either be enabled or removed.","47"
"MSI","24021","","MSI","2026-03-15 20:13:50 +13:00","100","Performance","Indexes Disabled","SQLDBA.ORG","https://www.brentozar.com/go/ixoff","The index [SQLDBA.ORG].[dbo].[002_Databases].[IX_2022_05_06_3] is disabled.  This index is not actually helping performance and should either be enabled or removed.","47"
"MSI","24022","","MSI","2026-03-15 20:13:50 +13:00","100","Performance","Indexes Disabled","SQLDBA.ORG","https://www.brentozar.com/go/ixoff","The index [SQLDBA.ORG].[dbo].[002_Databases].[IX_2022_05_06_4] is disabled.  This index is not actually helping performance and should either be enabled or removed.","47"
"MSI","24023","","MSI","2026-03-15 20:13:50 +13:00","100","Performance","Indexes Disabled","SQLDBA.ORG","https://www.brentozar.com/go/ixoff","The index [SQLDBA.ORG].[dbo].[002_Databases].[IX_2022_05_06_7] is disabled.  This index is not actually helping performance and should either be enabled or removed.","47"
"MSI","24024","","MSI","2026-03-15 20:13:50 +13:00","100","Performance","Indexes Disabled","SQLDBA.ORG","https://www.brentozar.com/go/ixoff","The index [SQLDBA.ORG].[dbo].[002_Databases].[IX_2022_05_06_8] is disabled.  This index is not actually helping performance and should either be enabled or removed.","47"
"MSI","24025","","MSI","2026-03-15 20:13:50 +13:00","100","Performance","Indexes Disabled","SQLDBA.ORG","https://www.brentozar.com/go/ixoff","The index [SQLDBA.ORG].[dbo].[002_Databases].[IX_LEXEL_2022_06_09_002] is disabled.  This index is not actually helping performance and should either be enabled or removed.","47"
"MSI","24026","","MSI","2026-03-15 20:13:50 +13:00","100","Performance","Indexes Disabled","SQLDBA.ORG","https://www.brentozar.com/go/ixoff","The index [SQLDBA.ORG].[dbo].[002_Databases_Archive].[IX_2022_05_06_3] is disabled.  This index is not actually helping performance and should either be enabled or removed.","47"
"MSI","24027","","MSI","2026-03-15 20:13:50 +13:00","100","Performance","Indexes Disabled","SQLDBA.ORG","https://www.brentozar.com/go/ixoff","The index [SQLDBA.ORG].[dbo].[002_Databases_Archive].[IX_2022_05_06_4] is disabled.  This index is not actually helping performance and should either be enabled or removed.","47"
"MSI","24028","","MSI","2026-03-15 20:13:50 +13:00","100","Performance","Indexes Disabled","SQLDBA.ORG","https://www.brentozar.com/go/ixoff","The index [SQLDBA.ORG].[dbo].[002_Databases_Archive].[IX_2022_05_06_7] is disabled.  This index is not actually helping performance and should either be enabled or removed.","47"
"MSI","24029","","MSI","2026-03-15 20:13:50 +13:00","100","Performance","Indexes Disabled","SQLDBA.ORG","https://www.brentozar.com/go/ixoff","The index [SQLDBA.ORG].[dbo].[002_Databases_Archive].[IX_2022_05_06_8] is disabled.  This index is not actually helping performance and should either be enabled or removed.","47"
"MSI","24030","","MSI","2026-03-15 20:13:50 +13:00","100","Performance","Indexes Disabled","SQLDBA.ORG","https://www.brentozar.com/go/ixoff","The index [SQLDBA.ORG].[dbo].[003_Checks_ConsultantTasks].[IX_01] is disabled.  This index is not actually helping performance and should either be enabled or removed.","47"
"MSI","24031","","MSI","2026-03-15 20:13:50 +13:00","100","Performance","Indexes Disabled","SQLDBA.ORG","https://www.brentozar.com/go/ixoff","The index [SQLDBA.ORG].[dbo].[003_Checks_Cube_ServerLevel].[nci_wi_003_Checks_Cube_ServerLevel_121C83685D4E1EC958A0CA64CB61E90A] is disabled.  This index is not actually helping performance and should either be enabled or removed.","47"
"MSI","24032","","MSI","2026-03-15 20:13:50 +13:00","100","Performance","Indexes Disabled","SQLDBA.ORG","https://www.brentozar.com/go/ixoff","The index [SQLDBA.ORG].[dbo].[003_Checks_Cube_ServerLevel].[nci_wi_003_Checks_Cube_ServerLevel_7FF601E14EFA536B9B603009C0245A30] is disabled.  This index is not actually helping performance and should either be enabled or removed.","47"
"MSI","24033","","MSI","2026-03-15 20:13:50 +13:00","100","Performance","Indexes Disabled","SQLDBA.ORG","https://www.brentozar.com/go/ixoff","The index [SQLDBA.ORG].[dbo].[sqldba_live_archived].[IX_2022_02_12_001] is disabled.  This index is not actually helping performance and should either be enabled or removed.","47"
"MSI","24034","","MSI","2026-03-15 20:13:50 +13:00","100","Performance","Stored Procedure WITH RECOMPILE","PerformanceMonitor","https://www.brentozar.com/go/recompile","[PerformanceMonitor].[collect].[blocked_process_xml_collector] has WITH RECOMPILE in the stored procedure code, which may cause increased CPU usage due to constant recompiles of the code.","78"
"MSI","24035","","MSI","2026-03-15 20:13:50 +13:00","100","Performance","Stored Procedure WITH RECOMPILE","PerformanceMonitor","https://www.brentozar.com/go/recompile","[PerformanceMonitor].[collect].[blocking_deadlock_analyzer] has WITH RECOMPILE in the stored procedure code, which may cause increased CPU usage due to constant recompiles of the code.","78"
"MSI","24036","","MSI","2026-03-15 20:13:50 +13:00","100","Performance","Stored Procedure WITH RECOMPILE","PerformanceMonitor","https://www.brentozar.com/go/recompile","[PerformanceMonitor].[collect].[calculate_deltas] has WITH RECOMPILE in the stored procedure code, which may cause increased CPU usage due to constant recompiles of the code.","78"
"MSI","24037","","MSI","2026-03-15 20:13:50 +13:00","100","Performance","Stored Procedure WITH RECOMPILE","PerformanceMonitor","https://www.brentozar.com/go/recompile","[PerformanceMonitor].[collect].[configuration_issues_analyzer] has WITH RECOMPILE in the stored procedure code, which may cause increased CPU usage due to constant recompiles of the code.","78"
"MSI","24038","","MSI","2026-03-15 20:13:50 +13:00","100","Performance","Stored Procedure WITH RECOMPILE","PerformanceMonitor","https://www.brentozar.com/go/recompile","[PerformanceMonitor].[collect].[cpu_scheduler_stats_collector] has WITH RECOMPILE in the stored procedure code, which may cause increased CPU usage due to constant recompiles of the code.","78"
"MSI","24039","","MSI","2026-03-15 20:13:50 +13:00","100","Performance","Stored Procedure WITH RECOMPILE","PerformanceMonitor","https://www.brentozar.com/go/recompile","[PerformanceMonitor].[collect].[cpu_utilization_stats_collector] has WITH RECOMPILE in the stored procedure code, which may cause increased CPU usage due to constant recompiles of the code.","78"
"MSI","24040","","MSI","2026-03-15 20:13:50 +13:00","100","Performance","Stored Procedure WITH RECOMPILE","PerformanceMonitor","https://www.brentozar.com/go/recompile","[PerformanceMonitor].[collect].[database_configuration_collector] has WITH RECOMPILE in the stored procedure code, which may cause increased CPU usage due to constant recompiles of the code.","78"
"MSI","24041","","MSI","2026-03-15 20:13:50 +13:00","100","Performance","Stored Procedure WITH RECOMPILE","PerformanceMonitor","https://www.brentozar.com/go/recompile","[PerformanceMonitor].[collect].[deadlock_xml_collector] has WITH RECOMPILE in the stored procedure code, which may cause increased CPU usage due to constant recompiles of the code.","78"
"MSI","24042","","MSI","2026-03-15 20:13:50 +13:00","100","Performance","Stored Procedure WITH RECOMPILE","PerformanceMonitor","https://www.brentozar.com/go/recompile","[PerformanceMonitor].[collect].[default_trace_collector] has WITH RECOMPILE in the stored procedure code, which may cause increased CPU usage due to constant recompiles of the code.","78"
"MSI","24043","","MSI","2026-03-15 20:13:50 +13:00","100","Performance","Stored Procedure WITH RECOMPILE","PerformanceMonitor","https://www.brentozar.com/go/recompile","[PerformanceMonitor].[collect].[file_io_stats_collector] has WITH RECOMPILE in the stored procedure code, which may cause increased CPU usage due to constant recompiles of the code.","78"
"MSI","24044","","MSI","2026-03-15 20:13:50 +13:00","100","Performance","Stored Procedure WITH RECOMPILE","PerformanceMonitor","https://www.brentozar.com/go/recompile","[PerformanceMonitor].[collect].[latch_stats_collector] has WITH RECOMPILE in the stored procedure code, which may cause increased CPU usage due to constant recompiles of the code.","78"
"MSI","24045","","MSI","2026-03-15 20:13:50 +13:00","100","Performance","Stored Procedure WITH RECOMPILE","PerformanceMonitor","https://www.brentozar.com/go/recompile","[PerformanceMonitor].[collect].[memory_clerks_stats_collector] has WITH RECOMPILE in the stored procedure code, which may cause increased CPU usage due to constant recompiles of the code.","78"
"MSI","24046","","MSI","2026-03-15 20:13:50 +13:00","100","Performance","Stored Procedure WITH RECOMPILE","PerformanceMonitor","https://www.brentozar.com/go/recompile","[PerformanceMonitor].[collect].[memory_grant_stats_collector] has WITH RECOMPILE in the stored procedure code, which may cause increased CPU usage due to constant recompiles of the code.","78"
"MSI","24047","","MSI","2026-03-15 20:13:50 +13:00","100","Performance","Stored Procedure WITH RECOMPILE","PerformanceMonitor","https://www.brentozar.com/go/recompile","[PerformanceMonitor].[collect].[memory_pressure_events_collector] has WITH RECOMPILE in the stored procedure code, which may cause increased CPU usage due to constant recompiles of the code.","78"
"MSI","24048","","MSI","2026-03-15 20:13:50 +13:00","100","Performance","Stored Procedure WITH RECOMPILE","PerformanceMonitor","https://www.brentozar.com/go/recompile","[PerformanceMonitor].[collect].[memory_stats_collector] has WITH RECOMPILE in the stored procedure code, which may cause increased CPU usage due to constant recompiles of the code.","78"
"MSI","24049","","MSI","2026-03-15 20:13:50 +13:00","100","Performance","Stored Procedure WITH RECOMPILE","PerformanceMonitor","https://www.brentozar.com/go/recompile","[PerformanceMonitor].[collect].[perfmon_stats_collector] has WITH RECOMPILE in the stored procedure code, which may cause increased CPU usage due to constant recompiles of the code.","78"
"MSI","24050","","MSI","2026-03-15 20:13:50 +13:00","100","Performance","Stored Procedure WITH RECOMPILE","PerformanceMonitor","https://www.brentozar.com/go/recompile","[PerformanceMonitor].[collect].[plan_cache_stats_collector] has WITH RECOMPILE in the stored procedure code, which may cause increased CPU usage due to constant recompiles of the code.","78"
"MSI","24051","","MSI","2026-03-15 20:13:50 +13:00","100","Performance","Stored Procedure WITH RECOMPILE","PerformanceMonitor","https://www.brentozar.com/go/recompile","[PerformanceMonitor].[collect].[procedure_stats_collector] has WITH RECOMPILE in the stored procedure code, which may cause increased CPU usage due to constant recompiles of the code.","78"
"MSI","24052","","MSI","2026-03-15 20:13:50 +13:00","100","Performance","Stored Procedure WITH RECOMPILE","PerformanceMonitor","https://www.brentozar.com/go/recompile","[PerformanceMonitor].[collect].[process_blocked_process_xml] has WITH RECOMPILE in the stored procedure code, which may cause increased CPU usage due to constant recompiles of the code.","78"
"MSI","24053","","MSI","2026-03-15 20:13:50 +13:00","100","Performance","Stored Procedure WITH RECOMPILE","PerformanceMonitor","https://www.brentozar.com/go/recompile","[PerformanceMonitor].[collect].[process_deadlock_xml] has WITH RECOMPILE in the stored procedure code, which may cause increased CPU usage due to constant recompiles of the code.","78"
"MSI","24054","","MSI","2026-03-15 20:13:50 +13:00","100","Performance","Stored Procedure WITH RECOMPILE","PerformanceMonitor","https://www.brentozar.com/go/recompile","[PerformanceMonitor].[collect].[query_snapshots_collector] has WITH RECOMPILE in the stored procedure code, which may cause increased CPU usage due to constant recompiles of the code.","78"
"MSI","24055","","MSI","2026-03-15 20:13:50 +13:00","100","Performance","Stored Procedure WITH RECOMPILE","PerformanceMonitor","https://www.brentozar.com/go/recompile","[PerformanceMonitor].[collect].[query_snapshots_create_views] has WITH RECOMPILE in the stored procedure code, which may cause increased CPU usage due to constant recompiles of the code.","78"
"MSI","24056","","MSI","2026-03-15 20:13:50 +13:00","100","Performance","Stored Procedure WITH RECOMPILE","PerformanceMonitor","https://www.brentozar.com/go/recompile","[PerformanceMonitor].[collect].[query_snapshots_retention] has WITH RECOMPILE in the stored procedure code, which may cause increased CPU usage due to constant recompiles of the code.","78"
"MSI","24057","","MSI","2026-03-15 20:13:50 +13:00","100","Performance","Stored Procedure WITH RECOMPILE","PerformanceMonitor","https://www.brentozar.com/go/recompile","[PerformanceMonitor].[collect].[query_stats_collector] has WITH RECOMPILE in the stored procedure code, which may cause increased CPU usage due to constant recompiles of the code.","78"
"MSI","24058","","MSI","2026-03-15 20:13:50 +13:00","100","Performance","Stored Procedure WITH RECOMPILE","PerformanceMonitor","https://www.brentozar.com/go/recompile","[PerformanceMonitor].[collect].[query_store_collector] has WITH RECOMPILE in the stored procedure code, which may cause increased CPU usage due to constant recompiles of the code.","78"
"MSI","24059","","MSI","2026-03-15 20:13:50 +13:00","100","Performance","Stored Procedure WITH RECOMPILE","PerformanceMonitor","https://www.brentozar.com/go/recompile","[PerformanceMonitor].[collect].[running_jobs_collector] has WITH RECOMPILE in the stored procedure code, which may cause increased CPU usage due to constant recompiles of the code.","78"
"MSI","24060","","MSI","2026-03-15 20:13:50 +13:00","100","Performance","Stored Procedure WITH RECOMPILE","PerformanceMonitor","https://www.brentozar.com/go/recompile","[PerformanceMonitor].[collect].[scheduled_master_collector] has WITH RECOMPILE in the stored procedure code, which may cause increased CPU usage due to constant recompiles of the code.","78"
"MSI","24061","","MSI","2026-03-15 20:13:50 +13:00","100","Performance","Stored Procedure WITH RECOMPILE","PerformanceMonitor","https://www.brentozar.com/go/recompile","[PerformanceMonitor].[collect].[server_configuration_collector] has WITH RECOMPILE in the stored procedure code, which may cause increased CPU usage due to constant recompiles of the code.","78"
"MSI","24062","","MSI","2026-03-15 20:13:50 +13:00","100","Performance","Stored Procedure WITH RECOMPILE","PerformanceMonitor","https://www.brentozar.com/go/recompile","[PerformanceMonitor].[collect].[session_stats_collector] has WITH RECOMPILE in the stored procedure code, which may cause increased CPU usage due to constant recompiles of the code.","78"
"MSI","24063","","MSI","2026-03-15 20:13:50 +13:00","100","Performance","Stored Procedure WITH RECOMPILE","PerformanceMonitor","https://www.brentozar.com/go/recompile","[PerformanceMonitor].[collect].[spinlock_stats_collector] has WITH RECOMPILE in the stored procedure code, which may cause increased CPU usage due to constant recompiles of the code.","78"
"MSI","24064","","MSI","2026-03-15 20:13:50 +13:00","100","Performance","Stored Procedure WITH RECOMPILE","PerformanceMonitor","https://www.brentozar.com/go/recompile","[PerformanceMonitor].[collect].[system_health_collector] has WITH RECOMPILE in the stored procedure code, which may cause increased CPU usage due to constant recompiles of the code.","78"
"MSI","24065","","MSI","2026-03-15 20:13:50 +13:00","100","Performance","Stored Procedure WITH RECOMPILE","PerformanceMonitor","https://www.brentozar.com/go/recompile","[PerformanceMonitor].[collect].[tempdb_stats_collector] has WITH RECOMPILE in the stored procedure code, which may cause increased CPU usage due to constant recompiles of the code.","78"
"MSI","24066","","MSI","2026-03-15 20:13:50 +13:00","100","Performance","Stored Procedure WITH RECOMPILE","PerformanceMonitor","https://www.brentozar.com/go/recompile","[PerformanceMonitor].[collect].[trace_analysis_collector] has WITH RECOMPILE in the stored procedure code, which may cause increased CPU usage due to constant recompiles of the code.","78"
"MSI","24067","","MSI","2026-03-15 20:13:50 +13:00","100","Performance","Stored Procedure WITH RECOMPILE","PerformanceMonitor","https://www.brentozar.com/go/recompile","[PerformanceMonitor].[collect].[trace_management_collector] has WITH RECOMPILE in the stored procedure code, which may cause increased CPU usage due to constant recompiles of the code.","78"
"MSI","24068","","MSI","2026-03-15 20:13:50 +13:00","100","Performance","Stored Procedure WITH RECOMPILE","PerformanceMonitor","https://www.brentozar.com/go/recompile","[PerformanceMonitor].[collect].[wait_stats_collector] has WITH RECOMPILE in the stored procedure code, which may cause increased CPU usage due to constant recompiles of the code.","78"
"MSI","24069","","MSI","2026-03-15 20:13:50 +13:00","100","Performance","Stored Procedure WITH RECOMPILE","PerformanceMonitor","https://www.brentozar.com/go/recompile","[PerformanceMonitor].[collect].[waiting_tasks_collector] has WITH RECOMPILE in the stored procedure code, which may cause increased CPU usage due to constant recompiles of the code.","78"
"MSI","24070","","MSI","2026-03-15 20:13:50 +13:00","100","Performance","Stored Procedure WITH RECOMPILE","PerformanceMonitor","https://www.brentozar.com/go/recompile","[PerformanceMonitor].[config].[check_hung_collector_job] has WITH RECOMPILE in the stored procedure code, which may cause increased CPU usage due to constant recompiles of the code.","78"
"MSI","24071","","MSI","2026-03-15 20:13:50 +13:00","100","Performance","Stored Procedure WITH RECOMPILE","PerformanceMonitor","https://www.brentozar.com/go/recompile","[PerformanceMonitor].[config].[data_retention] has WITH RECOMPILE in the stored procedure code, which may cause increased CPU usage due to constant recompiles of the code.","78"
"MSI","24072","","MSI","2026-03-15 20:13:50 +13:00","100","Performance","Stored Procedure WITH RECOMPILE","PerformanceMonitor","https://www.brentozar.com/go/recompile","[PerformanceMonitor].[config].[enable_baseline_monitoring] has WITH RECOMPILE in the stored procedure code, which may cause increased CPU usage due to constant recompiles of the code.","78"
"MSI","24073","","MSI","2026-03-15 20:13:50 +13:00","100","Performance","Stored Procedure WITH RECOMPILE","PerformanceMonitor","https://www.brentozar.com/go/recompile","[PerformanceMonitor].[config].[enable_consulting_analysis] has WITH RECOMPILE in the stored procedure code, which may cause increased CPU usage due to constant recompiles of the code.","78"
"MSI","24074","","MSI","2026-03-15 20:13:50 +13:00","100","Performance","Stored Procedure WITH RECOMPILE","PerformanceMonitor","https://www.brentozar.com/go/recompile","[PerformanceMonitor].[config].[enable_realtime_monitoring] has WITH RECOMPILE in the stored procedure code, which may cause increased CPU usage due to constant recompiles of the code.","78"
"MSI","24075","","MSI","2026-03-15 20:13:50 +13:00","100","Performance","Stored Procedure WITH RECOMPILE","PerformanceMonitor","https://www.brentozar.com/go/recompile","[PerformanceMonitor].[config].[ensure_collection_table] has WITH RECOMPILE in the stored procedure code, which may cause increased CPU usage due to constant recompiles of the code.","78"
"MSI","24076","","MSI","2026-03-15 20:13:50 +13:00","100","Performance","Stored Procedure WITH RECOMPILE","PerformanceMonitor","https://www.brentozar.com/go/recompile","[PerformanceMonitor].[config].[ensure_config_tables] has WITH RECOMPILE in the stored procedure code, which may cause increased CPU usage due to constant recompiles of the code.","78"
"MSI","24077","","MSI","2026-03-15 20:13:50 +13:00","100","Performance","Stored Procedure WITH RECOMPILE","PerformanceMonitor","https://www.brentozar.com/go/recompile","[PerformanceMonitor].[config].[set_collector_enabled] has WITH RECOMPILE in the stored procedure code, which may cause increased CPU usage due to constant recompiles of the code.","78"
"MSI","24078","","MSI","2026-03-15 20:13:50 +13:00","100","Performance","Stored Procedure WITH RECOMPILE","PerformanceMonitor","https://www.brentozar.com/go/recompile","[PerformanceMonitor].[config].[show_collection_schedule] has WITH RECOMPILE in the stored procedure code, which may cause increased CPU usage due to constant recompiles of the code.","78"
"MSI","24079","","MSI","2026-03-15 20:13:50 +13:00","100","Performance","Stored Procedure WITH RECOMPILE","PerformanceMonitor","https://www.brentozar.com/go/recompile","[PerformanceMonitor].[config].[update_collector_frequency] has WITH RECOMPILE in the stored procedure code, which may cause increased CPU usage due to constant recompiles of the code.","78"
"MSI","24080","","MSI","2026-03-15 20:13:50 +13:00","100","Performance","Stored Procedure WITH RECOMPILE","PerformanceMonitor","https://www.brentozar.com/go/recompile","[PerformanceMonitor].[dbo].[sp_HealthParser] has WITH RECOMPILE in the stored procedure code, which may cause increased CPU usage due to constant recompiles of the code.","78"
"MSI","24081","","MSI","2026-03-15 20:13:50 +13:00","100","Performance","Stored Procedure WITH RECOMPILE","PerformanceMonitor","https://www.brentozar.com/go/recompile","[PerformanceMonitor].[dbo].[sp_HumanEventsBlockViewer] has WITH RECOMPILE in the stored procedure code, which may cause increased CPU usage due to constant recompiles of the code.","78"
"MSI","24082","","MSI","2026-03-15 20:13:50 +13:00","100","Performance","Stored Procedure WITH RECOMPILE","PerformanceMonitor","https://www.brentozar.com/go/recompile","[PerformanceMonitor].[dbo].[sp_IndexCleanup] has WITH RECOMPILE in the stored procedure code, which may cause increased CPU usage due to constant recompiles of the code.","78"
"MSI","24083","","MSI","2026-03-15 20:13:50 +13:00","100","Performance","Stored Procedure WITH RECOMPILE","PerformanceMonitor","https://www.brentozar.com/go/recompile","[PerformanceMonitor].[dbo].[sp_LogHunter] has WITH RECOMPILE in the stored procedure code, which may cause increased CPU usage due to constant recompiles of the code.","78"
"MSI","24084","","MSI","2026-03-15 20:13:50 +13:00","100","Performance","Stored Procedure WITH RECOMPILE","PerformanceMonitor","https://www.brentozar.com/go/recompile","[PerformanceMonitor].[dbo].[sp_PerfCheck] has WITH RECOMPILE in the stored procedure code, which may cause increased CPU usage due to constant recompiles of the code.","78"
"MSI","24085","","MSI","2026-03-15 20:13:50 +13:00","100","Performance","Stored Procedure WITH RECOMPILE","PerformanceMonitor","https://www.brentozar.com/go/recompile","[PerformanceMonitor].[dbo].[sp_QueryReproBuilder] has WITH RECOMPILE in the stored procedure code, which may cause increased CPU usage due to constant recompiles of the code.","78"
"MSI","24086","","MSI","2026-03-15 20:13:50 +13:00","100","Performance","Stored Procedure WITH RECOMPILE","PerformanceMonitor","https://www.brentozar.com/go/recompile","[PerformanceMonitor].[dbo].[sp_QuickieStore] has WITH RECOMPILE in the stored procedure code, which may cause increased CPU usage due to constant recompiles of the code.","78"
"MSI","24087","","MSI","2026-03-15 20:13:50 +13:00","100","Performance","Stored Procedure WITH RECOMPILE","SQLDBA.ORG","https://www.brentozar.com/go/recompile","[SQLDBA.ORG].[dbo].[sp_triage®] has WITH RECOMPILE in the stored procedure code, which may cause increased CPU usage due to constant recompiles of the code.","78"
"MSI","24088","","MSI","2026-03-15 20:13:50 +13:00","120","Query Plans","Cursor","","https://www.brentozar.com/go/cursor","One of the top resource-intensive queries is using a cursor.","66"
"MSI","24089","","MSI","2026-03-15 20:13:50 +13:00","120","Query Plans","Implicit Conversion","","https://www.brentozar.com/go/implicit","One of the top resource-intensive queries is comparing two fields that are not the same datatype.","63"
"MSI","24090","","MSI","2026-03-15 20:13:50 +13:00","120","Query Plans","Implicit Conversion Affecting Cardinality","","https://www.brentozar.com/go/implicit","One of the top resource-intensive queries has an implicit conversion that is affecting cardinality estimation.","64"
"MSI","24091","","MSI","2026-03-15 20:13:50 +13:00","120","Query Plans","Implicit Conversion Affecting Cardinality","","https://www.brentozar.com/go/implicit","One of the top resource-intensive queries has an implicit conversion that is affecting cardinality estimation.","64"
"MSI","24092","","MSI","2026-03-15 20:13:50 +13:00","120","Query Plans","Implicit Conversion Affecting Cardinality","","https://www.brentozar.com/go/implicit","One of the top resource-intensive queries has an implicit conversion that is affecting cardinality estimation.","64"
"MSI","24093","","MSI","2026-03-15 20:13:50 +13:00","120","Query Plans","Implicit Conversion Affecting Cardinality","","https://www.brentozar.com/go/implicit","One of the top resource-intensive queries has an implicit conversion that is affecting cardinality estimation.","64"
"MSI","24094","","MSI","2026-03-15 20:13:50 +13:00","120","Query Plans","Missing Index","","https://www.brentozar.com/go/missingindex","One of the top resource-intensive queries may be dramatically improved by adding an index.","65"
"MSI","24095","","MSI","2026-03-15 20:13:50 +13:00","120","Query Plans","RID or Key Lookups","","https://www.brentozar.com/go/lookup","One of the top resource-intensive queries contains RID or Key Lookups. Try to avoid them by creating covering indexes.","118"
"MSI","24096","","MSI","2026-03-15 20:13:50 +13:00","120","Query Plans","RID or Key Lookups","","https://www.brentozar.com/go/lookup","One of the top resource-intensive queries contains RID or Key Lookups. Try to avoid them by creating covering indexes.","118"
"MSI","24097","","MSI","2026-03-15 20:13:50 +13:00","120","Query Plans","RID or Key Lookups","","https://www.brentozar.com/go/lookup","One of the top resource-intensive queries contains RID or Key Lookups. Try to avoid them by creating covering indexes.","118"
"MSI","24098","","MSI","2026-03-15 20:13:50 +13:00","150","Performance","Foreign Keys Not Trusted","PBIReportServer","https://www.brentozar.com/go/trust","The [PBIReportServer] database has foreign keys that were probably disabled, data was changed, and then the key was enabled again.  Simply enabling the key is not enough for the optimizer to use this key - we have to alter the table using the WITH CHECK CHECK CONSTRAINT parameter.","48"
"MSI","24099","","MSI","2026-03-15 20:13:50 +13:00","150","Performance","Foreign Keys Not Trusted","PBIReportServerTempDB","https://www.brentozar.com/go/trust","The [PBIReportServerTempDB] database has foreign keys that were probably disabled, data was changed, and then the key was enabled again.  Simply enabling the key is not enough for the optimizer to use this key - we have to alter the table using the WITH CHECK CHECK CONSTRAINT parameter.","48"
"MSI","24100","","MSI","2026-03-15 20:13:50 +13:00","150","Performance","Queries Forcing Join Hints","","https://www.brentozar.com/go/hints","5841 instances of join hinting have been recorded since restart.  This means queries are bossing the SQL Server optimizer around, and if they don't know what they're doing, this can cause more harm than good.  This can also explain why DBA tuning efforts aren't working.","45"
"MSI","24101","","MSI","2026-03-15 20:13:50 +13:00","150","Performance","Queries Forcing Order Hints","","https://www.brentozar.com/go/hints","5841 instances of order hinting have been recorded since restart.  This means queries are bossing the SQL Server optimizer around, and if they don't know what they're doing, this can cause more harm than good.  This can also explain why DBA tuning efforts aren't working.","44"
"MSI","24102","","MSI","2026-03-15 20:13:50 +13:00","150","Performance","Stats Updated Asynchronously","LXLCloudGateway","https://www.brentozar.com/go/asyncstats","Database [LXLCloudGateway] has auto-update-stats-async enabled.  When SQL Server gets a query for a table with out-of-date statistics, it will run the query with the stats it has - while updating stats to make later queries better. The initial run of the query may suffer, though.","17"
"MSI","24103","","MSI","2026-03-15 20:13:50 +13:00","150","Performance","Stats Updated Asynchronously","PerformanceMonitor","https://www.brentozar.com/go/asyncstats","Database [PerformanceMonitor] has auto-update-stats-async enabled.  When SQL Server gets a query for a table with out-of-date statistics, it will run the query with the stats it has - while updating stats to make later queries better. The initial run of the query may suffer, though.","17"
"MSI","24104","","MSI","2026-03-15 20:13:50 +13:00","150","Performance","Triggers on Tables","PBIReportServer","https://www.brentozar.com/go/trig","The [PBIReportServer] database has 7 triggers.","32"
"MSI","24105","","MSI","2026-03-15 20:13:50 +13:00","150","Performance","Triggers on Tables","SQLWATCH","https://www.brentozar.com/go/trig","The [SQLWATCH] database has 39 triggers.","32"
"MSI","24106","","MSI","2026-03-15 20:13:50 +13:00","170","File Configuration","System Database on C Drive","master","https://www.brentozar.com/go/cdrive","The master database has a file on the C drive.  Putting system databases on the C drive runs the risk of crashing the server when it runs out of space.","24"
"MSI","24107","","MSI","2026-03-15 20:13:50 +13:00","170","File Configuration","System Database on C Drive","model","https://www.brentozar.com/go/cdrive","The model database has a file on the C drive.  Putting system databases on the C drive runs the risk of crashing the server when it runs out of space.","24"
"MSI","24108","","MSI","2026-03-15 20:13:50 +13:00","170","File Configuration","System Database on C Drive","msdb","https://www.brentozar.com/go/cdrive","The msdb database has a file on the C drive.  Putting system databases on the C drive runs the risk of crashing the server when it runs out of space.","24"
"MSI","24109","","MSI","2026-03-15 20:13:50 +13:00","200","Backup","MSDB Backup History Not Purged","msdb","https://www.brentozar.com/go/history","Database backup history retained back to Dec 17 2025 12:15PM","3"
"MSI","24110","","MSI","2026-03-15 20:13:50 +13:00","200","Informational","Agent Jobs Starting Simultaneously","","https://www.brentozar.com/go/busyagent/","Multiple SQL Server Agent jobs are configured to start simultaneously. For detailed schedule listings, see the query in the URL.","123"
"MSI","24111","","MSI","2026-03-15 20:13:50 +13:00","200","Informational","Collation is Latin1_General_100_CI_AS_KS_WS","PBIReportServer","https://www.brentozar.com/go/collate","Collation differences between user databases and tempdb can cause conflicts especially when comparing string values","76"
"MSI","24112","","MSI","2026-03-15 20:13:50 +13:00","200","Informational","Collation is Latin1_General_100_CI_AS_KS_WS","PBIReportServerTempDB","https://www.brentozar.com/go/collate","Collation differences between user databases and tempdb can cause conflicts especially when comparing string values","76"
"MSI","24113","","MSI","2026-03-15 20:13:50 +13:00","200","Informational","Collation is Latin1_General_CI_AS","Capitec_PowerBI","https://www.brentozar.com/go/collate","Collation differences between user databases and tempdb can cause conflicts especially when comparing string values","76"
"MSI","24114","","MSI","2026-03-15 20:13:50 +13:00","200","Informational","Collation is Latin1_General_CI_AS","LXLCloudGateway","https://www.brentozar.com/go/collate","Collation differences between user databases and tempdb can cause conflicts especially when comparing string values","76"
"MSI","24115","","MSI","2026-03-15 20:13:50 +13:00","200","Informational","Collation is Latin1_General_CI_AS","SQLWATCH","https://www.brentozar.com/go/collate","Collation differences between user databases and tempdb can cause conflicts especially when comparing string values","76"
"MSI","24116","","MSI","2026-03-15 20:13:50 +13:00","200","Informational","Recommended Trace Flag Off","","https://www.sqlskills.com/blogs/erin/query-store-trace-flags/","Trace Flag 7745 not enabled globally. It makes shutdowns/failovers quicker by not waiting for Query Store to flush to disk. It is recommended, but it loses you the non-flushed Query Store data.","74"
"MSI","24117","","MSI","2026-03-15 20:13:50 +13:00","200","Informational","Tables in the Master Database","master","https://www.brentozar.com/go/mastuser","The BlitzCheckTable table in the master database was created by end users on Feb 24 2026  7:10PM. Tables in the master database may not be restored in the event of a disaster.","27"
"MSI","24118","","MSI","2026-03-15 20:13:50 +13:00","200","Informational","Tables in the Master Database","master","https://www.brentozar.com/go/mastuser","The DBA_SYS_DATABASE_FILES table in the master database was created by end users on Jul 10 2025  1:25PM. Tables in the master database may not be restored in the event of a disaster.","27"
"MSI","24119","","MSI","2026-03-15 20:13:50 +13:00","200","Informational","Tables in the Master Database","master","https://www.brentozar.com/go/mastuser","The DBA_SYS_DATABASES table in the master database was created by end users on Jul 10 2025  1:25PM. Tables in the master database may not be restored in the event of a disaster.","27"
"MSI","24120","","MSI","2026-03-15 20:13:50 +13:00","200","Informational","Tables in the Master Database","master","https://www.brentozar.com/go/mastuser","The DBA_SYS_TRACEFLAGS table in the master database was created by end users on Jul 10 2025  1:25PM. Tables in the master database may not be restored in the event of a disaster.","27"
"MSI","24121","","MSI","2026-03-15 20:13:50 +13:00","200","Informational","Tables in the Master Database","master","https://www.brentozar.com/go/mastuser","The dbachecksChecks table in the master database was created by end users on Feb 11 2026  3:59AM. Tables in the master database may not be restored in the event of a disaster.","27"
"MSI","24122","","MSI","2026-03-15 20:13:50 +13:00","200","Informational","Tables in the Master Database","master","https://www.brentozar.com/go/mastuser","The dbachecksResults table in the master database was created by end users on Feb 11 2026  3:59AM. Tables in the master database may not be restored in the event of a disaster.","27"
"MSI","24123","","MSI","2026-03-15 20:13:50 +13:00","200","Informational","Tables in the Master Database","master","https://www.brentozar.com/go/mastuser","The LicensingRates table in the master database was created by end users on Feb 24 2026  7:41PM. Tables in the master database may not be restored in the event of a disaster.","27"
"MSI","24124","","MSI","2026-03-15 20:13:50 +13:00","200","Informational","Tables in the Master Database","master","https://www.brentozar.com/go/mastuser","The sqldba_sp_Blitz_output table in the master database was created by end users on Oct 30 2025 10:18AM. Tables in the master database may not be restored in the event of a disaster.","27"
"MSI","24125","","MSI","2026-03-15 20:13:50 +13:00","200","Informational","Tables in the Master Database","master","https://www.brentozar.com/go/mastuser","The sqldba_sp_triage®_output table in the master database was created by end users on Oct 30 2025 10:22AM. Tables in the master database may not be restored in the event of a disaster.","27"
"MSI","24126","","MSI","2026-03-15 20:13:50 +13:00","200","Informational","Tables in the Master Database","master","https://www.brentozar.com/go/mastuser","The sqldba_stpSecurity_Checklist_Table table in the master database was created by end users on Nov 18 2025  9:10AM. Tables in the master database may not be restored in the event of a disaster.","27"
"MSI","24127","","MSI","2026-03-15 20:13:50 +13:00","200","Informational","Tables in the Master Database","master","https://www.brentozar.com/go/mastuser","The sqlwatch_app_log table in the master database was created by end users on Feb 11 2026  3:59AM. Tables in the master database may not be restored in the event of a disaster.","27"
"MSI","24128","","MSI","2026-03-15 20:13:50 +13:00","200","Informational","Tables in the Master Database","master","https://www.brentozar.com/go/mastuser","The sqlwatch_app_version table in the master database was created by end users on Feb 11 2026  3:59AM. Tables in the master database may not be restored in the event of a disaster.","27"
"MSI","24129","","MSI","2026-03-15 20:13:50 +13:00","200","Informational","Tables in the Master Database","master","https://www.brentozar.com/go/mastuser","The sqlwatch_config table in the master database was created by end users on Feb 11 2026  3:59AM. Tables in the master database may not be restored in the event of a disaster.","27"
"MSI","24130","","MSI","2026-03-15 20:13:50 +13:00","200","Informational","Tables in the Master Database","master","https://www.brentozar.com/go/mastuser","The sqlwatch_config_action table in the master database was created by end users on Feb 11 2026  3:59AM. Tables in the master database may not be restored in the event of a disaster.","27"
"MSI","24131","","MSI","2026-03-15 20:13:50 +13:00","200","Informational","Tables in the Master Database","master","https://www.brentozar.com/go/mastuser","The sqlwatch_config_activated_procedures table in the master database was created by end users on Feb 11 2026  3:59AM. Tables in the master database may not be restored in the event of a disaster.","27"
"MSI","24132","","MSI","2026-03-15 20:13:50 +13:00","200","Informational","Tables in the Master Database","master","https://www.brentozar.com/go/mastuser","The sqlwatch_config_baseline table in the master database was created by end users on Feb 11 2026  3:59AM. Tables in the master database may not be restored in the event of a disaster.","27"
"MSI","24133","","MSI","2026-03-15 20:13:50 +13:00","200","Informational","Tables in the Master Database","master","https://www.brentozar.com/go/mastuser","The sqlwatch_config_check table in the master database was created by end users on Feb 11 2026  3:59AM. Tables in the master database may not be restored in the event of a disaster.","27"
"MSI","24134","","MSI","2026-03-15 20:13:50 +13:00","200","Informational","Tables in the Master Database","master","https://www.brentozar.com/go/mastuser","The sqlwatch_config_check_action table in the master database was created by end users on Feb 11 2026  3:59AM. Tables in the master database may not be restored in the event of a disaster.","27"
"MSI","24135","","MSI","2026-03-15 20:13:50 +13:00","200","Informational","Tables in the Master Database","master","https://www.brentozar.com/go/mastuser","The sqlwatch_config_check_action_template table in the master database was created by end users on Feb 11 2026  3:59AM. Tables in the master database may not be restored in the event of a disaster.","27"
"MSI","24136","","MSI","2026-03-15 20:13:50 +13:00","200","Informational","Tables in the Master Database","master","https://www.brentozar.com/go/mastuser","The sqlwatch_config_check_template table in the master database was created by end users on Feb 11 2026  3:59AM. Tables in the master database may not be restored in the event of a disaster.","27"
"MSI","24137","","MSI","2026-03-15 20:13:50 +13:00","200","Informational","Tables in the Master Database","master","https://www.brentozar.com/go/mastuser","The sqlwatch_config_check_template_action table in the master database was created by end users on Feb 11 2026  3:59AM. Tables in the master database may not be restored in the event of a disaster.","27"
"MSI","24138","","MSI","2026-03-15 20:13:50 +13:00","200","Informational","Tables in the Master Database","master","https://www.brentozar.com/go/mastuser","The sqlwatch_config_exclude_database table in the master database was created by end users on Feb 11 2026  3:59AM. Tables in the master database may not be restored in the event of a disaster.","27"
"MSI","24139","","MSI","2026-03-15 20:13:50 +13:00","200","Informational","Tables in the Master Database","master","https://www.brentozar.com/go/mastuser","The sqlwatch_config_exclude_procedure table in the master database was created by end users on Feb 11 2026  3:59AM. Tables in the master database may not be restored in the event of a disaster.","27"
"MSI","24140","","MSI","2026-03-15 20:13:50 +13:00","200","Informational","Tables in the Master Database","master","https://www.brentozar.com/go/mastuser","The sqlwatch_config_exclude_wait_stats table in the master database was created by end users on Feb 11 2026  3:59AM. Tables in the master database may not be restored in the event of a disaster.","27"
"MSI","24141","","MSI","2026-03-15 20:13:50 +13:00","200","Informational","Tables in the Master Database","master","https://www.brentozar.com/go/mastuser","The sqlwatch_config_exclude_xes_long_query table in the master database was created by end users on Feb 11 2026  3:59AM. Tables in the master database may not be restored in the event of a disaster.","27"
"MSI","24142","","MSI","2026-03-15 20:13:50 +13:00","200","Informational","Tables in the Master Database","master","https://www.brentozar.com/go/mastuser","The sqlwatch_config_include_errorlog_keywords table in the master database was created by end users on Feb 11 2026  3:59AM. Tables in the master database may not be restored in the event of a disaster.","27"
"MSI","24143","","MSI","2026-03-15 20:13:50 +13:00","200","Informational","Tables in the Master Database","master","https://www.brentozar.com/go/mastuser","The sqlwatch_config_include_index_histogram table in the master database was created by end users on Feb 11 2026  3:59AM. Tables in the master database may not be restored in the event of a disaster.","27"
"MSI","24144","","MSI","2026-03-15 20:13:50 +13:00","200","Informational","Tables in the Master Database","master","https://www.brentozar.com/go/mastuser","The sqlwatch_config_performance_counters table in the master database was created by end users on Feb 11 2026  3:59AM. Tables in the master database may not be restored in the event of a disaster.","27"
"MSI","24145","","MSI","2026-03-15 20:13:50 +13:00","200","Informational","Tables in the Master Database","master","https://www.brentozar.com/go/mastuser","The sqlwatch_config_report table in the master database was created by end users on Feb 11 2026  3:59AM. Tables in the master database may not be restored in the event of a disaster.","27"
"MSI","24146","","MSI","2026-03-15 20:13:50 +13:00","200","Informational","Tables in the Master Database","master","https://www.brentozar.com/go/mastuser","The sqlwatch_config_report_action table in the master database was created by end users on Feb 11 2026  3:59AM. Tables in the master database may not be restored in the event of a disaster.","27"
"MSI","24147","","MSI","2026-03-15 20:13:50 +13:00","200","Informational","Tables in the Master Database","master","https://www.brentozar.com/go/mastuser","The sqlwatch_config_report_style table in the master database was created by end users on Feb 11 2026  3:59AM. Tables in the master database may not be restored in the event of a disaster.","27"
"MSI","24148","","MSI","2026-03-15 20:13:50 +13:00","200","Informational","Tables in the Master Database","master","https://www.brentozar.com/go/mastuser","The sqlwatch_config_snapshot_type table in the master database was created by end users on Feb 11 2026  3:59AM. Tables in the master database may not be restored in the event of a disaster.","27"
"MSI","24149","","MSI","2026-03-15 20:13:50 +13:00","200","Informational","Tables in the Master Database","master","https://www.brentozar.com/go/mastuser","The sqlwatch_config_sql_instance table in the master database was created by end users on Feb 11 2026  3:59AM. Tables in the master database may not be restored in the event of a disaster.","27"
"MSI","24150","","MSI","2026-03-15 20:13:50 +13:00","200","Informational","Tables in the Master Database","master","https://www.brentozar.com/go/mastuser","The sqlwatch_config_wait_stats table in the master database was created by end users on Feb 11 2026  3:59AM. Tables in the master database may not be restored in the event of a disaster.","27"
"MSI","24151","","MSI","2026-03-15 20:13:50 +13:00","200","Informational","Tables in the Master Database","master","https://www.brentozar.com/go/mastuser","The sqlwatch_logger_agent_job_history table in the master database was created by end users on Feb 11 2026  3:59AM. Tables in the master database may not be restored in the event of a disaster.","27"
"MSI","24152","","MSI","2026-03-15 20:13:50 +13:00","200","Informational","Tables in the Master Database","master","https://www.brentozar.com/go/mastuser","The sqlwatch_logger_check table in the master database was created by end users on Feb 11 2026  3:59AM. Tables in the master database may not be restored in the event of a disaster.","27"
"MSI","24153","","MSI","2026-03-15 20:13:50 +13:00","200","Informational","Tables in the Master Database","master","https://www.brentozar.com/go/mastuser","The sqlwatch_logger_check_action table in the master database was created by end users on Feb 11 2026  3:59AM. Tables in the master database may not be restored in the event of a disaster.","27"
"MSI","24154","","MSI","2026-03-15 20:13:50 +13:00","200","Informational","Tables in the Master Database","master","https://www.brentozar.com/go/mastuser","The sqlwatch_logger_disk_utilisation_database table in the master database was created by end users on Feb 11 2026  3:59AM. Tables in the master database may not be restored in the event of a disaster.","27"
"MSI","24155","","MSI","2026-03-15 20:13:50 +13:00","200","Informational","Tables in the Master Database","master","https://www.brentozar.com/go/mastuser","The sqlwatch_logger_disk_utilisation_table table in the master database was created by end users on Feb 11 2026  3:59AM. Tables in the master database may not be restored in the event of a disaster.","27"
"MSI","24156","","MSI","2026-03-15 20:13:50 +13:00","200","Informational","Tables in the Master Database","master","https://www.brentozar.com/go/mastuser","The sqlwatch_logger_disk_utilisation_volume table in the master database was created by end users on Feb 11 2026  3:59AM. Tables in the master database may not be restored in the event of a disaster.","27"
"MSI","24157","","MSI","2026-03-15 20:13:50 +13:00","200","Informational","Tables in the Master Database","master","https://www.brentozar.com/go/mastuser","The sqlwatch_logger_dm_exec_requests_stats table in the master database was created by end users on Feb 11 2026  3:59AM. Tables in the master database may not be restored in the event of a disaster.","27"
"MSI","24158","","MSI","2026-03-15 20:13:50 +13:00","200","Informational","Tables in the Master Database","master","https://www.brentozar.com/go/mastuser","The sqlwatch_logger_dm_exec_sessions_stats table in the master database was created by end users on Feb 11 2026  3:59AM. Tables in the master database may not be restored in the event of a disaster.","27"
"MSI","24159","","MSI","2026-03-15 20:13:50 +13:00","200","Informational","Tables in the Master Database","master","https://www.brentozar.com/go/mastuser","The sqlwatch_logger_errorlog table in the master database was created by end users on Feb 11 2026  3:59AM. Tables in the master database may not be restored in the event of a disaster.","27"
"MSI","24160","","MSI","2026-03-15 20:13:50 +13:00","200","Informational","Tables in the Master Database","master","https://www.brentozar.com/go/mastuser","The sqlwatch_logger_hadr_database_replica_states table in the master database was created by end users on Feb 11 2026  3:59AM. Tables in the master database may not be restored in the event of a disaster.","27"
"MSI","24161","","MSI","2026-03-15 20:13:50 +13:00","200","Informational","Tables in the Master Database","master","https://www.brentozar.com/go/mastuser","The sqlwatch_logger_index_histogram table in the master database was created by end users on Feb 11 2026  3:59AM. Tables in the master database may not be restored in the event of a disaster.","27"
"MSI","24162","","MSI","2026-03-15 20:13:50 +13:00","200","Informational","Tables in the Master Database","master","https://www.brentozar.com/go/mastuser","The sqlwatch_logger_index_missing_stats table in the master database was created by end users on Feb 11 2026  3:59AM. Tables in the master database may not be restored in the event of a disaster.","27"
"MSI","24163","","MSI","2026-03-15 20:13:50 +13:00","200","Informational","Tables in the Master Database","master","https://www.brentozar.com/go/mastuser","The sqlwatch_logger_index_usage_stats table in the master database was created by end users on Feb 11 2026  3:59AM. Tables in the master database may not be restored in the event of a disaster.","27"
"MSI","24164","","MSI","2026-03-15 20:13:50 +13:00","200","Informational","Tables in the Master Database","master","https://www.brentozar.com/go/mastuser","The sqlwatch_logger_perf_file_stats table in the master database was created by end users on Feb 11 2026  3:59AM. Tables in the master database may not be restored in the event of a disaster.","27"
"MSI","24165","","MSI","2026-03-15 20:13:50 +13:00","200","Informational","Tables in the Master Database","master","https://www.brentozar.com/go/mastuser","The sqlwatch_logger_perf_os_memory_clerks table in the master database was created by end users on Feb 11 2026  3:59AM. Tables in the master database may not be restored in the event of a disaster.","27"
"MSI","24166","","MSI","2026-03-15 20:13:50 +13:00","200","Informational","Tables in the Master Database","master","https://www.brentozar.com/go/mastuser","The sqlwatch_logger_perf_os_performance_counters table in the master database was created by end users on Feb 11 2026  3:59AM. Tables in the master database may not be restored in the event of a disaster.","27"
"MSI","24167","","MSI","2026-03-15 20:13:50 +13:00","200","Informational","Tables in the Master Database","master","https://www.brentozar.com/go/mastuser","The sqlwatch_logger_perf_os_process_memory table in the master database was created by end users on Feb 11 2026  3:59AM. Tables in the master database may not be restored in the event of a disaster.","27"
"MSI","24168","","MSI","2026-03-15 20:13:50 +13:00","200","Informational","Tables in the Master Database","master","https://www.brentozar.com/go/mastuser","The sqlwatch_logger_perf_os_schedulers table in the master database was created by end users on Feb 11 2026  3:59AM. Tables in the master database may not be restored in the event of a disaster.","27"
"MSI","24169","","MSI","2026-03-15 20:13:50 +13:00","200","Informational","Tables in the Master Database","master","https://www.brentozar.com/go/mastuser","The sqlwatch_logger_perf_os_wait_stats table in the master database was created by end users on Feb 11 2026  3:59AM. Tables in the master database may not be restored in the event of a disaster.","27"
"MSI","24170","","MSI","2026-03-15 20:13:50 +13:00","200","Informational","Tables in the Master Database","master","https://www.brentozar.com/go/mastuser","The sqlwatch_logger_perf_procedure_stats table in the master database was created by end users on Feb 11 2026  3:59AM. Tables in the master database may not be restored in the event of a disaster.","27"
"MSI","24171","","MSI","2026-03-15 20:13:50 +13:00","200","Informational","Tables in the Master Database","master","https://www.brentozar.com/go/mastuser","The sqlwatch_logger_perf_query_stats table in the master database was created by end users on Feb 11 2026  3:59AM. Tables in the master database may not be restored in the event of a disaster.","27"
"MSI","24172","","MSI","2026-03-15 20:13:50 +13:00","200","Informational","Tables in the Master Database","master","https://www.brentozar.com/go/mastuser","The sqlwatch_logger_report_action table in the master database was created by end users on Feb 11 2026  3:59AM. Tables in the master database may not be restored in the event of a disaster.","27"
"MSI","24173","","MSI","2026-03-15 20:13:50 +13:00","200","Informational","Tables in the Master Database","master","https://www.brentozar.com/go/mastuser","The sqlwatch_logger_snapshot_header table in the master database was created by end users on Feb 11 2026  3:59AM. Tables in the master database may not be restored in the event of a disaster.","27"
"MSI","24174","","MSI","2026-03-15 20:13:50 +13:00","200","Informational","Tables in the Master Database","master","https://www.brentozar.com/go/mastuser","The sqlwatch_logger_system_configuration table in the master database was created by end users on Feb 11 2026  3:59AM. Tables in the master database may not be restored in the event of a disaster.","27"
"MSI","24175","","MSI","2026-03-15 20:13:50 +13:00","200","Informational","Tables in the Master Database","master","https://www.brentozar.com/go/mastuser","The sqlwatch_logger_whoisactive table in the master database was created by end users on Feb 11 2026  3:59AM. Tables in the master database may not be restored in the event of a disaster.","27"
"MSI","24176","","MSI","2026-03-15 20:13:50 +13:00","200","Informational","Tables in the Master Database","master","https://www.brentozar.com/go/mastuser","The sqlwatch_logger_xes_blockers table in the master database was created by end users on Feb 11 2026  3:59AM. Tables in the master database may not be restored in the event of a disaster.","27"
"MSI","24177","","MSI","2026-03-15 20:13:50 +13:00","200","Informational","Tables in the Master Database","master","https://www.brentozar.com/go/mastuser","The sqlwatch_logger_xes_iosubsystem table in the master database was created by end users on Feb 11 2026  3:59AM. Tables in the master database may not be restored in the event of a disaster.","27"
"MSI","24178","","MSI","2026-03-15 20:13:50 +13:00","200","Informational","Tables in the Master Database","master","https://www.brentozar.com/go/mastuser","The sqlwatch_logger_xes_long_queries table in the master database was created by end users on Feb 11 2026  3:59AM. Tables in the master database may not be restored in the event of a disaster.","27"
"MSI","24179","","MSI","2026-03-15 20:13:50 +13:00","200","Informational","Tables in the Master Database","master","https://www.brentozar.com/go/mastuser","The sqlwatch_logger_xes_query_problems table in the master database was created by end users on Feb 11 2026  3:59AM. Tables in the master database may not be restored in the event of a disaster.","27"
"MSI","24180","","MSI","2026-03-15 20:13:50 +13:00","200","Informational","Tables in the Master Database","master","https://www.brentozar.com/go/mastuser","The sqlwatch_logger_xes_query_processing table in the master database was created by end users on Feb 11 2026  3:59AM. Tables in the master database may not be restored in the event of a disaster.","27"
"MSI","24181","","MSI","2026-03-15 20:13:50 +13:00","200","Informational","Tables in the Master Database","master","https://www.brentozar.com/go/mastuser","The sqlwatch_logger_xes_wait_event table in the master database was created by end users on Feb 11 2026  3:59AM. Tables in the master database may not be restored in the event of a disaster.","27"
"MSI","24182","","MSI","2026-03-15 20:13:50 +13:00","200","Informational","Tables in the Master Database","master","https://www.brentozar.com/go/mastuser","The sqlwatch_meta_action_queue table in the master database was created by end users on Feb 11 2026  3:59AM. Tables in the master database may not be restored in the event of a disaster.","27"
"MSI","24183","","MSI","2026-03-15 20:13:50 +13:00","200","Informational","Tables in the Master Database","master","https://www.brentozar.com/go/mastuser","The sqlwatch_meta_agent_job table in the master database was created by end users on Feb 11 2026  3:59AM. Tables in the master database may not be restored in the event of a disaster.","27"
"MSI","24184","","MSI","2026-03-15 20:13:50 +13:00","200","Informational","Tables in the Master Database","master","https://www.brentozar.com/go/mastuser","The sqlwatch_meta_agent_job_step table in the master database was created by end users on Feb 11 2026  3:59AM. Tables in the master database may not be restored in the event of a disaster.","27"
"MSI","24185","","MSI","2026-03-15 20:13:50 +13:00","200","Informational","Tables in the Master Database","master","https://www.brentozar.com/go/mastuser","The sqlwatch_meta_baseline table in the master database was created by end users on Feb 11 2026  3:59AM. Tables in the master database may not be restored in the event of a disaster.","27"
"MSI","24186","","MSI","2026-03-15 20:13:50 +13:00","200","Informational","Tables in the Master Database","master","https://www.brentozar.com/go/mastuser","The sqlwatch_meta_check table in the master database was created by end users on Feb 11 2026  3:59AM. Tables in the master database may not be restored in the event of a disaster.","27"
"MSI","24187","","MSI","2026-03-15 20:13:50 +13:00","200","Informational","Tables in the Master Database","master","https://www.brentozar.com/go/mastuser","The sqlwatch_meta_database table in the master database was created by end users on Feb 11 2026  3:59AM. Tables in the master database may not be restored in the event of a disaster.","27"
"MSI","24188","","MSI","2026-03-15 20:13:50 +13:00","200","Informational","Tables in the Master Database","master","https://www.brentozar.com/go/mastuser","The sqlwatch_meta_errorlog_attribute table in the master database was created by end users on Feb 11 2026  3:59AM. Tables in the master database may not be restored in the event of a disaster.","27"
"MSI","24189","","MSI","2026-03-15 20:13:50 +13:00","200","Informational","Tables in the Master Database","master","https://www.brentozar.com/go/mastuser","The sqlwatch_meta_errorlog_keyword table in the master database was created by end users on Feb 11 2026  3:59AM. Tables in the master database may not be restored in the event of a disaster.","27"
"MSI","24190","","MSI","2026-03-15 20:13:50 +13:00","200","Informational","Tables in the Master Database","master","https://www.brentozar.com/go/mastuser","The sqlwatch_meta_errorlog_text table in the master database was created by end users on Feb 11 2026  3:59AM. Tables in the master database may not be restored in the event of a disaster.","27"
"MSI","24191","","MSI","2026-03-15 20:13:50 +13:00","200","Informational","Tables in the Master Database","master","https://www.brentozar.com/go/mastuser","The sqlwatch_meta_index table in the master database was created by end users on Feb 11 2026  3:59AM. Tables in the master database may not be restored in the event of a disaster.","27"
"MSI","24192","","MSI","2026-03-15 20:13:50 +13:00","200","Informational","Tables in the Master Database","master","https://www.brentozar.com/go/mastuser","The sqlwatch_meta_index_missing table in the master database was created by end users on Feb 11 2026  3:59AM. Tables in the master database may not be restored in the event of a disaster.","27"
"MSI","24193","","MSI","2026-03-15 20:13:50 +13:00","200","Informational","Tables in the Master Database","master","https://www.brentozar.com/go/mastuser","The sqlwatch_meta_master_file table in the master database was created by end users on Feb 11 2026  3:59AM. Tables in the master database may not be restored in the event of a disaster.","27"
"MSI","24194","","MSI","2026-03-15 20:13:50 +13:00","200","Informational","Tables in the Master Database","master","https://www.brentozar.com/go/mastuser","The sqlwatch_meta_memory_clerk table in the master database was created by end users on Feb 11 2026  3:59AM. Tables in the master database may not be restored in the event of a disaster.","27"
"MSI","24195","","MSI","2026-03-15 20:13:50 +13:00","200","Informational","Tables in the Master Database","master","https://www.brentozar.com/go/mastuser","The sqlwatch_meta_os_volume table in the master database was created by end users on Feb 11 2026  3:59AM. Tables in the master database may not be restored in the event of a disaster.","27"
"MSI","24196","","MSI","2026-03-15 20:13:50 +13:00","200","Informational","Tables in the Master Database","master","https://www.brentozar.com/go/mastuser","The sqlwatch_meta_performance_counter table in the master database was created by end users on Feb 11 2026  3:59AM. Tables in the master database may not be restored in the event of a disaster.","27"
"MSI","24197","","MSI","2026-03-15 20:13:50 +13:00","200","Informational","Tables in the Master Database","master","https://www.brentozar.com/go/mastuser","The sqlwatch_meta_performance_counter_instance table in the master database was created by end users on Feb 11 2026  3:59AM. Tables in the master database may not be restored in the event of a disaster.","27"
"MSI","24198","","MSI","2026-03-15 20:13:50 +13:00","200","Informational","Tables in the Master Database","master","https://www.brentozar.com/go/mastuser","The sqlwatch_meta_procedure table in the master database was created by end users on Feb 11 2026  3:59AM. Tables in the master database may not be restored in the event of a disaster.","27"
"MSI","24199","","MSI","2026-03-15 20:13:50 +13:00","200","Informational","Tables in the Master Database","master","https://www.brentozar.com/go/mastuser","The sqlwatch_meta_program_name table in the master database was created by end users on Feb 11 2026  3:59AM. Tables in the master database may not be restored in the event of a disaster.","27"
"MSI","24200","","MSI","2026-03-15 20:13:50 +13:00","200","Informational","Tables in the Master Database","master","https://www.brentozar.com/go/mastuser","The sqlwatch_meta_query_plan table in the master database was created by end users on Feb 11 2026  3:59AM. Tables in the master database may not be restored in the event of a disaster.","27"
"MSI","24201","","MSI","2026-03-15 20:13:50 +13:00","200","Informational","Tables in the Master Database","master","https://www.brentozar.com/go/mastuser","The sqlwatch_meta_query_plan_hash table in the master database was created by end users on Feb 11 2026  3:59AM. Tables in the master database may not be restored in the event of a disaster.","27"
"MSI","24202","","MSI","2026-03-15 20:13:50 +13:00","200","Informational","Tables in the Master Database","master","https://www.brentozar.com/go/mastuser","The sqlwatch_meta_report table in the master database was created by end users on Feb 11 2026  3:59AM. Tables in the master database may not be restored in the event of a disaster.","27"
"MSI","24203","","MSI","2026-03-15 20:13:50 +13:00","200","Informational","Tables in the Master Database","master","https://www.brentozar.com/go/mastuser","The sqlwatch_meta_repository_import_queue table in the master database was created by end users on Feb 11 2026  3:59AM. Tables in the master database may not be restored in the event of a disaster.","27"
"MSI","24204","","MSI","2026-03-15 20:13:50 +13:00","200","Informational","Tables in the Master Database","master","https://www.brentozar.com/go/mastuser","The sqlwatch_meta_repository_import_status table in the master database was created by end users on Feb 11 2026  3:59AM. Tables in the master database may not be restored in the event of a disaster.","27"
"MSI","24205","","MSI","2026-03-15 20:13:50 +13:00","200","Informational","Tables in the Master Database","master","https://www.brentozar.com/go/mastuser","The sqlwatch_meta_repository_import_thread table in the master database was created by end users on Feb 11 2026  3:59AM. Tables in the master database may not be restored in the event of a disaster.","27"
"MSI","24206","","MSI","2026-03-15 20:13:50 +13:00","200","Informational","Tables in the Master Database","master","https://www.brentozar.com/go/mastuser","The sqlwatch_meta_server table in the master database was created by end users on Feb 11 2026  3:59AM. Tables in the master database may not be restored in the event of a disaster.","27"
"MSI","24207","","MSI","2026-03-15 20:13:50 +13:00","200","Informational","Tables in the Master Database","master","https://www.brentozar.com/go/mastuser","The sqlwatch_meta_snapshot_header_baseline table in the master database was created by end users on Feb 11 2026  3:59AM. Tables in the master database may not be restored in the event of a disaster.","27"
"MSI","24208","","MSI","2026-03-15 20:13:50 +13:00","200","Informational","Tables in the Master Database","master","https://www.brentozar.com/go/mastuser","The sqlwatch_meta_sql_query table in the master database was created by end users on Feb 11 2026  3:59AM. Tables in the master database may not be restored in the event of a disaster.","27"
"MSI","24209","","MSI","2026-03-15 20:13:50 +13:00","200","Informational","Tables in the Master Database","master","https://www.brentozar.com/go/mastuser","The sqlwatch_meta_system_configuration table in the master database was created by end users on Feb 11 2026  3:59AM. Tables in the master database may not be restored in the event of a disaster.","27"
"MSI","24210","","MSI","2026-03-15 20:13:50 +13:00","200","Informational","Tables in the Master Database","master","https://www.brentozar.com/go/mastuser","The sqlwatch_meta_system_configuration_scd table in the master database was created by end users on Feb 11 2026  3:59AM. Tables in the master database may not be restored in the event of a disaster.","27"
"MSI","24211","","MSI","2026-03-15 20:13:50 +13:00","200","Informational","Tables in the Master Database","master","https://www.brentozar.com/go/mastuser","The sqlwatch_meta_table table in the master database was created by end users on Feb 11 2026  3:59AM. Tables in the master database may not be restored in the event of a disaster.","27"
"MSI","24212","","MSI","2026-03-15 20:13:50 +13:00","200","Informational","Tables in the Master Database","master","https://www.brentozar.com/go/mastuser","The sqlwatch_meta_wait_stats table in the master database was created by end users on Feb 11 2026  3:59AM. Tables in the master database may not be restored in the event of a disaster.","27"
"MSI","24213","","MSI","2026-03-15 20:13:50 +13:00","200","Informational","Tables in the Master Database","master","https://www.brentozar.com/go/mastuser","The sqlwatch_stage_perf_os_wait_stats table in the master database was created by end users on Feb 11 2026  3:59AM. Tables in the master database may not be restored in the event of a disaster.","27"
"MSI","24214","","MSI","2026-03-15 20:13:50 +13:00","200","Informational","Tables in the Master Database","master","https://www.brentozar.com/go/mastuser","The sqlwatch_stage_repository_tables_to_import table in the master database was created by end users on Feb 11 2026  3:59AM. Tables in the master database may not be restored in the event of a disaster.","27"
"MSI","24215","","MSI","2026-03-15 20:13:50 +13:00","200","Informational","Tables in the Master Database","master","https://www.brentozar.com/go/mastuser","The sqlwatch_stage_ring_buffer table in the master database was created by end users on Feb 11 2026  3:59AM. Tables in the master database may not be restored in the event of a disaster.","27"
"MSI","24216","","MSI","2026-03-15 20:13:50 +13:00","200","Informational","Tables in the Master Database","master","https://www.brentozar.com/go/mastuser","The sqlwatch_stage_xes_exec_count table in the master database was created by end users on Feb 11 2026  3:59AM. Tables in the master database may not be restored in the event of a disaster.","27"
"MSI","24217","","MSI","2026-03-15 20:13:50 +13:00","200","Informational","Tables in the Master Database","master","https://www.brentozar.com/go/mastuser","The sqlwatch_trend_perf_os_performance_counters table in the master database was created by end users on Feb 11 2026  3:59AM. Tables in the master database may not be restored in the event of a disaster.","27"
"MSI","24218","","MSI","2026-03-15 20:13:50 +13:00","200","Informational","Tables in the Master Database","master","https://www.brentozar.com/go/mastuser","The SSMSwaffleAll table in the master database was created by end users on Feb 24 2026  7:16PM. Tables in the master database may not be restored in the event of a disaster.","27"
"MSI","24219","","MSI","2026-03-15 20:13:50 +13:00","200","Informational","Tables in the Master Database","master","https://www.brentozar.com/go/mastuser","The stpSecurity_Checklist_Table table in the master database was created by end users on Mar 12 2026 11:30AM. Tables in the master database may not be restored in the event of a disaster.","27"
"MSI","24220","","MSI","2026-03-15 20:13:50 +13:00","200","Informational","Tables in the Master Database","master","https://www.brentozar.com/go/mastuser","The VersionTable table in the master database was created by end users on Feb 24 2026  7:40PM. Tables in the master database may not be restored in the event of a disaster.","27"
"MSI","24221","","MSI","2026-03-15 20:13:50 +13:00","200","Licensing","Non-Production License","","https://www.brentozar.com/go/licensing","We're not the licensing police, but if this is supposed to be a production server, and you're running Developer Edition (64-bit) the good folks at Microsoft might get upset with you. Better start counting those cores.","173"
"MSI","24222","","MSI","2026-03-15 20:13:50 +13:00","200","Monitoring","Agent Jobs Without Failure Emails","","https://www.brentozar.com/go/alerts","The job PerformanceMonitor - Collection has not been set up to notify an operator if it fails. Executions: 55 - last execution started on 2026-03-15, at 20:13:00, with status ""Succeeded"".","94"
"MSI","24223","","MSI","2026-03-15 20:13:50 +13:00","200","Monitoring","Agent Jobs Without Failure Emails","","https://www.brentozar.com/go/alerts","The job PerformanceMonitor - Data Retention has not been set up to notify an operator if it fails. Executions: 15 - last execution started on 2026-03-15, at 02:00:00, with status ""Succeeded"".","94"
"MSI","24224","","MSI","2026-03-15 20:13:50 +13:00","200","Monitoring","Agent Jobs Without Failure Emails","","https://www.brentozar.com/go/alerts","The job PerformanceMonitor - Hung Job Monitor has not been set up to notify an operator if it fails. Executions: 55 - last execution started on 2026-03-15, at 20:10:00, with status ""Succeeded"".","94"
"MSI","24225","","MSI","2026-03-15 20:13:50 +13:00","200","Monitoring","Agent Jobs Without Failure Emails","","https://www.brentozar.com/go/alerts","The job SQLWATCH-INTERNAL-ACTIONS has not been set up to notify an operator if it fails. Executions: 55 - last execution started on 2026-03-15, at 20:13:17, with status ""Succeeded"".","94"
"MSI","24226","","MSI","2026-03-15 20:13:50 +13:00","200","Monitoring","Agent Jobs Without Failure Emails","","https://www.brentozar.com/go/alerts","The job SQLWATCH-INTERNAL-CHECKS has not been set up to notify an operator if it fails. Executions: 55 - last execution started on 2026-03-15, at 20:12:43, with status ""Succeeded"".","94"
"MSI","24227","","MSI","2026-03-15 20:13:50 +13:00","200","Monitoring","Agent Jobs Without Failure Emails","","https://www.brentozar.com/go/alerts","The job SQLWATCH-INTERNAL-CONFIG has not been set up to notify an operator if it fails. Executions: 11 - last execution started on 2026-03-15, at 20:00:26, with status ""Succeeded"".","94"
"MSI","24228","","MSI","2026-03-15 20:13:50 +13:00","200","Monitoring","Agent Jobs Without Failure Emails","","https://www.brentozar.com/go/alerts","The job SQLWATCH-INTERNAL-RETENTION has not been set up to notify an operator if it fails. Executions: 37 - last execution started on 2026-03-15, at 20:00:20, with status ""Succeeded"".","94"
"MSI","24229","","MSI","2026-03-15 20:13:50 +13:00","200","Monitoring","Agent Jobs Without Failure Emails","","https://www.brentozar.com/go/alerts","The job SQLWATCH-INTERNAL-TRENDS has not been set up to notify an operator if it fails. Executions: 28 - last execution started on 2026-03-15, at 20:01:50, with status ""Succeeded"".","94"
"MSI","24230","","MSI","2026-03-15 20:13:50 +13:00","200","Monitoring","Agent Jobs Without Failure Emails","","https://www.brentozar.com/go/alerts","The job SQLWATCH-LOGGER-AG has not been set up to notify an operator if it fails. Executions: 55 - last execution started on 2026-03-15, at 20:13:12, with status ""Succeeded"".","94"
"MSI","24231","","MSI","2026-03-15 20:13:50 +13:00","200","Monitoring","Agent Jobs Without Failure Emails","","https://www.brentozar.com/go/alerts","The job SQLWATCH-LOGGER-AGENT-HISTORY has not been set up to notify an operator if it fails. Executions: 55 - last execution started on 2026-03-15, at 20:10:00, with status ""Succeeded"".","94"
"MSI","24232","","MSI","2026-03-15 20:13:50 +13:00","200","Monitoring","Agent Jobs Without Failure Emails","","https://www.brentozar.com/go/alerts","The job SQLWATCH-LOGGER-DISK-UTILISATION has not been set up to notify an operator if it fails. Executions: 28 - last execution started on 2026-03-15, at 20:04:37, with status ""Succeeded"".","94"
"MSI","24233","","MSI","2026-03-15 20:13:50 +13:00","200","Monitoring","Agent Jobs Without Failure Emails","","https://www.brentozar.com/go/alerts","The job SQLWATCH-LOGGER-INDEXES has not been set up to notify an operator if it fails. Executions: 19 - last execution started on 2026-03-15, at 00:15:00, with status ""Succeeded"".","94"
"MSI","24234","","MSI","2026-03-15 20:13:50 +13:00","200","Monitoring","Agent Jobs Without Failure Emails","","https://www.brentozar.com/go/alerts","The job SQLWATCH-LOGGER-PERFORMANCE has not been set up to notify an operator if it fails. Executions: 28 - last execution started on 2026-03-15, at 20:13:22, with status ""Succeeded"".","94"
"MSI","24235","","MSI","2026-03-15 20:13:50 +13:00","200","Monitoring","Agent Jobs Without Failure Emails","","https://www.brentozar.com/go/alerts","The job SQLWATCH-LOGGER-PROCS has not been set up to notify an operator if it fails. Executions: 55 - last execution started on 2026-03-15, at 20:10:30, with status ""Succeeded"".","94"
"MSI","24236","","MSI","2026-03-15 20:13:50 +13:00","200","Monitoring","Agent Jobs Without Failure Emails","","https://www.brentozar.com/go/alerts","The job SQLWATCH-LOGGER-SYSCONFIG has not been set up to notify an operator if it fails. Executions: 30 - last execution started on 2026-03-15, at 00:00:00, with status ""Succeeded"".","94"
"MSI","24237","","MSI","2026-03-15 20:13:50 +13:00","200","Monitoring","Agent Jobs Without Failure Emails","","https://www.brentozar.com/go/alerts","The job SQLWATCH-LOGGER-XES has not been set up to notify an operator if it fails. Executions: 28 - last execution started on 2026-03-15, at 20:13:12, with status ""Succeeded"".","94"
"MSI","24238","","MSI","2026-03-15 20:13:50 +13:00","200","Monitoring","Agent Jobs Without Failure Emails","","https://www.brentozar.com/go/alerts","The job SQLWATCH-REPORT-AZMONITOR has not been set up to notify an operator if it fails. Executions: 55 - last execution started on 2026-03-15, at 20:10:21, with status ""Succeeded"".","94"
"MSI","24239","","MSI","2026-03-15 20:13:50 +13:00","200","Monitoring","Alerts Configured without Follow Up","","https://www.brentozar.com/go/alert","SQL Server Agent alerts have been configured but they either do not notify anyone or else they do not take any action.  This is a free, easy way to get notified of corruption, job failures, or major outages even before monitoring systems pick it up.","59"
"MSI","24240","","MSI","2026-03-15 20:13:50 +13:00","200","Monitoring","Extended Events Hyperextension","","https://www.brentozar.com/go/xe","Hey big spender, you have 6 Extended Events sessions running. You sure you meant to do that?","176"
"MSI","24241","","MSI","2026-03-15 20:13:50 +13:00","200","Non-Default Server Config","Agent XPs","","https://www.brentozar.com/go/conf","This sp_configure option has been changed.  Its default value is 0 and it has been set to 1.","1071"
"MSI","24242","","MSI","2026-03-15 20:13:50 +13:00","200","Non-Default Server Config","backup checksum default","","https://www.brentozar.com/go/conf","This sp_configure option has been changed.  Its default value is 0 and it has been set to 1.","1070"
"MSI","24243","","MSI","2026-03-15 20:13:50 +13:00","200","Non-Default Server Config","backup compression default","","https://www.brentozar.com/go/conf","This sp_configure option has been changed.  Its default value is 0 and it has been set to 1.","1073"
"MSI","24244","","MSI","2026-03-15 20:13:50 +13:00","200","Non-Default Server Config","blocked process threshold (s)","","https://www.brentozar.com/go/conf","This sp_configure option has been changed.  Its default value is 0 and it has been set to 5.","1009"
"MSI","24245","","MSI","2026-03-15 20:13:50 +13:00","200","Non-Default Server Config","contained database authentication","","https://www.brentozar.com/go/conf","This sp_configure option has been changed.  Its default value is 0 and it has been set to 1.","1068"
"MSI","24246","","MSI","2026-03-15 20:13:50 +13:00","200","Non-Default Server Config","cost threshold for parallelism","","https://www.brentozar.com/go/conf","This sp_configure option has been changed.  Its default value is 5 and it has been set to 50.","1012"
"MSI","24247","","MSI","2026-03-15 20:13:50 +13:00","200","Non-Default Server Config","Database Mail XPs","","https://www.brentozar.com/go/conf","This sp_configure option has been changed.  Its default value is 0 and it has been set to 1.","1072"
"MSI","24248","","MSI","2026-03-15 20:13:50 +13:00","200","Non-Default Server Config","max degree of parallelism","","https://www.brentozar.com/go/conf","This sp_configure option has been changed.  Its default value is 0 and it has been set to 11.","1029"
"MSI","24249","","MSI","2026-03-15 20:13:50 +13:00","200","Non-Default Server Config","max server memory (MB)","","https://www.brentozar.com/go/conf","This sp_configure option has been changed.  Its default value is 2147483647 and it has been set to 3276.","1031"
"MSI","24250","","MSI","2026-03-15 20:13:50 +13:00","200","Non-Default Server Config","max text repl size (B)","","https://www.brentozar.com/go/conf","This sp_configure option has been changed.  Its default value is 65536 and it has been set to -1.","1032"
"MSI","24251","","MSI","2026-03-15 20:13:50 +13:00","200","Non-Default Server Config","Ole Automation Procedures","","https://www.brentozar.com/go/conf","This sp_configure option has been changed.  Its default value is 0 and it has been set to 1.","1039"
"MSI","24252","","MSI","2026-03-15 20:13:50 +13:00","200","Non-Default Server Config","optimize for ad hoc workloads","","https://www.brentozar.com/go/conf","This sp_configure option has been changed.  Its default value is 0 and it has been set to 1.","1041"
"MSI","24253","","MSI","2026-03-15 20:13:50 +13:00","200","Non-Default Server Config","recovery interval (min)","","https://www.brentozar.com/go/conf","This sp_configure option has been changed.  Its default value is 0 and it has been set to 1.","1047"
"MSI","24254","","MSI","2026-03-15 20:13:50 +13:00","200","Non-Default Server Config","remote admin connections","","https://www.brentozar.com/go/conf","This sp_configure option has been changed.  Its default value is 0 and it has been set to 1.","1049"
"MSI","24255","","MSI","2026-03-15 20:13:50 +13:00","200","Non-Default Server Config","show advanced options","","https://www.brentozar.com/go/conf","This sp_configure option has been changed.  Its default value is 0 and it has been set to 1.","1057"
"MSI","24256","","MSI","2026-03-15 20:13:50 +13:00","200","Non-Default Server Config","version high part of SQL Server","","https://www.brentozar.com/go/conf","This sp_configure option has been changed.  Its default value is 1114112 and it has been set to 1048576.","269"
"MSI","24257","","MSI","2026-03-15 20:13:50 +13:00","200","Non-Default Server Config","version low part of SQL Server","","https://www.brentozar.com/go/conf","This sp_configure option has been changed.  Its default value is 52428803 and it has been set to 277872644.","269"
"MSI","24258","","MSI","2026-03-15 20:13:50 +13:00","200","Non-Default Server Config","xp_cmdshell","","https://www.brentozar.com/go/conf","This sp_configure option has been changed.  Its default value is 0 and it has been set to 1.","1065"
"MSI","24259","","MSI","2026-03-15 20:13:50 +13:00","200","Performance","SSAS/SSIS/SSRS Installed","","https://www.BrentOzar.com/go/services","Did you know you have other SQL Server services installed on this box other than the engine? It can be a real performance pain.","224"
"MSI","24260","","MSI","2026-03-15 20:13:50 +13:00","210","Non-Default Database Config","ANSI NULL Default Enabled","SQLWATCH","https://www.brentozar.com/go/dbdefaults","This database setting is not the default.","135"
"MSI","24261","","MSI","2026-03-15 20:13:50 +13:00","210","Non-Default Database Config","Auto Create Stats Incremental Enabled","LXLCloudGateway","https://www.brentozar.com/go/dbdefaults","This database setting is not the default.","134"
"MSI","24262","","MSI","2026-03-15 20:13:50 +13:00","210","Non-Default Database Config","Broker Enabled","PBIReportServer","https://www.brentozar.com/go/dbdefaults","This database setting is not the default.","230"
"MSI","24263","","MSI","2026-03-15 20:13:50 +13:00","210","Non-Default Database Config","Broker Enabled","PBIReportServerTempDB","https://www.brentozar.com/go/dbdefaults","This database setting is not the default.","230"
"MSI","24264","","MSI","2026-03-15 20:13:50 +13:00","210","Non-Default Database Config","Broker Enabled","PerformanceMonitor","https://www.brentozar.com/go/dbdefaults","This database setting is not the default.","230"
"MSI","24265","","MSI","2026-03-15 20:13:50 +13:00","210","Non-Default Database Config","Containment Enabled","SQLDBA.ORG","https://www.brentozar.com/go/dbdefaults","This database setting is not the default.","141"
"MSI","24266","","MSI","2026-03-15 20:13:50 +13:00","210","Non-Default Database Config","Forced Parameterization Enabled","SQLDBA.ORG","https://www.brentozar.com/go/dbdefaults","This database setting is not the default.","138"
"MSI","24267","","MSI","2026-03-15 20:13:50 +13:00","210","Non-Default Database Config","Read Committed Snapshot Isolation Enabled","SQLDBA.ORG","https://www.brentozar.com/go/dbdefaults","This database setting is not the default.","133"
"MSI","24268","","MSI","2026-03-15 20:13:50 +13:00","210","Non-Default Database Config","Read Committed Snapshot Isolation Enabled","SQLWATCH","https://www.brentozar.com/go/dbdefaults","This database setting is not the default.","133"
"MSI","24269","","MSI","2026-03-15 20:13:50 +13:00","210","Non-Default Database Config","Snapshot Isolation Enabled","SQLDBA.ORG","https://www.brentozar.com/go/dbdefaults","This database setting is not the default.","132"
"MSI","24270","","MSI","2026-03-15 20:13:50 +13:00","210","Non-Default Database Config","Snapshot Isolation Enabled","SQLWATCH","https://www.brentozar.com/go/dbdefaults","This database setting is not the default.","132"
"MSI","24271","","MSI","2026-03-15 20:13:50 +13:00","210","Non-Default Database Config","Trustworthy Enabled","SQLWATCH","https://www.brentozar.com/go/dbdefaults","This database setting is not the default.","137"
"MSI","24272","","MSI","2026-03-15 20:13:50 +13:00","210","Non-Default Database Scoped Config","MAXDOP","SQLDBA.ORG","https://www.brentozar.com/go/dbscope","Set value: 10 Default: 0 Set value for secondary: Empty Default value for secondary: Empty","194"
"MSI","24273","","MSI","2026-03-15 20:13:50 +13:00","230","Security","Database Owner <> sa","Capitec_PowerBI","https://www.brentozar.com/go/owndb","Database name: Capitec_PowerBI   Owner name: MSI\afsul","55"
"MSI","24274","","MSI","2026-03-15 20:13:50 +13:00","230","Security","Database Owner <> sa","LXLCloudGateway","https://www.brentozar.com/go/owndb","Database name: LXLCloudGateway   Owner name: MSI\afsul","55"
"MSI","24275","","MSI","2026-03-15 20:13:50 +13:00","230","Security","Database Owner <> sa","PBIReportServer","https://www.brentozar.com/go/owndb","Database name: PBIReportServer   Owner name: MSI\afsul","55"
"MSI","24276","","MSI","2026-03-15 20:13:50 +13:00","230","Security","Database Owner <> sa","PBIReportServerTempDB","https://www.brentozar.com/go/owndb","Database name: PBIReportServerTempDB   Owner name: MSI\afsul","55"
"MSI","24277","","MSI","2026-03-15 20:13:50 +13:00","230","Security","Database Owner <> sa","PerformanceMonitor","https://www.brentozar.com/go/owndb","Database name: PerformanceMonitor   Owner name: MSI\afsul","55"
"MSI","24278","","MSI","2026-03-15 20:13:50 +13:00","230","Security","Database Owner <> sa","ReportServer","https://www.brentozar.com/go/owndb","Database name: ReportServer   Owner name: MSI\afsul","55"
"MSI","24279","","MSI","2026-03-15 20:13:50 +13:00","230","Security","Database Owner <> sa","ReportServerTempDB","https://www.brentozar.com/go/owndb","Database name: ReportServerTempDB   Owner name: MSI\afsul","55"
"MSI","24280","","MSI","2026-03-15 20:13:50 +13:00","230","Security","Database Owner <> sa","SQLDBA.ORG","https://www.brentozar.com/go/owndb","Database name: SQLDBA.ORG   Owner name: MSI\afsul","55"
"MSI","24281","","MSI","2026-03-15 20:13:50 +13:00","230","Security","Database Owner <> sa","SQLWATCH","https://www.brentozar.com/go/owndb","Database name: SQLWATCH   Owner name: MSI\afsul","55"
"MSI","24282","","MSI","2026-03-15 20:13:50 +13:00","230","Security","Elevated Permissions on a Database","LXLCloudGateway","https://www.brentozar.com/go/elevated","In [LXLCloudGateway], user [LEXEL\pbi.admin]  has the role [db_owner].  This user can perform tasks beyond just reading and writing data.","86"
"MSI","24283","","MSI","2026-03-15 20:13:50 +13:00","230","Security","Elevated Permissions on a Database","msdb","https://www.brentozar.com/go/elevated","In [msdb], user [NT Service\SQLSERVERAGENT]  has the role [db_owner].  This user can perform tasks beyond just reading and writing data.","86"
"MSI","24284","","MSI","2026-03-15 20:13:50 +13:00","230","Security","Elevated Permissions on a Database","PBIReportServer","https://www.brentozar.com/go/elevated","In [PBIReportServer], user [RSExecRole]  has the role [db_owner].  This user can perform tasks beyond just reading and writing data.","86"
"MSI","24285","","MSI","2026-03-15 20:13:50 +13:00","230","Security","Elevated Permissions on a Database","PBIReportServerTempDB","https://www.brentozar.com/go/elevated","In [PBIReportServerTempDB], user [RSExecRole]  has the role [db_owner].  This user can perform tasks beyond just reading and writing data.","86"
"MSI","24286","","MSI","2026-03-15 20:13:50 +13:00","230","Security","Elevated Permissions on a Database","ReportServer","https://www.brentozar.com/go/elevated","In [ReportServer], user [RSExecRole]  has the role [db_owner].  This user can perform tasks beyond just reading and writing data.","86"
"MSI","24287","","MSI","2026-03-15 20:13:50 +13:00","230","Security","Elevated Permissions on a Database","ReportServerTempDB","https://www.brentozar.com/go/elevated","In [ReportServerTempDB], user [RSExecRole]  has the role [db_owner].  This user can perform tasks beyond just reading and writing data.","86"
"MSI","24288","","MSI","2026-03-15 20:13:50 +13:00","230","Security","Jobs Owned By Users","","https://www.brentozar.com/go/owners","Job [PerformanceMonitor - Collection] is owned by [MSI\afsul] - meaning if their login is disabled or not available due to Active Directory problems, the job will stop working.","6"
"MSI","24289","","MSI","2026-03-15 20:13:50 +13:00","230","Security","Jobs Owned By Users","","https://www.brentozar.com/go/owners","Job [PerformanceMonitor - Data Retention] is owned by [MSI\afsul] - meaning if their login is disabled or not available due to Active Directory problems, the job will stop working.","6"
"MSI","24290","","MSI","2026-03-15 20:13:50 +13:00","230","Security","Jobs Owned By Users","","https://www.brentozar.com/go/owners","Job [PerformanceMonitor - Hung Job Monitor] is owned by [MSI\afsul] - meaning if their login is disabled or not available due to Active Directory problems, the job will stop working.","6"
"MSI","24291","","MSI","2026-03-15 20:13:50 +13:00","230","Security","Sysadmins","","https://www.brentozar.com/go/sa","Login [MSI\afsul] is a sysadmin - meaning they can do absolutely anything in SQL Server, including dropping databases or hiding their tracks.","4"
"MSI","24292","","MSI","2026-03-15 20:13:50 +13:00","250","Informational","SQL Server Agent is running under an NT Service account","","https://www.brentozar.com/go/setup","I'm running as NT Service\SQLSERVERAGENT.","170"
"MSI","24293","","MSI","2026-03-15 20:13:50 +13:00","250","Informational","SQL Server is running under an NT Service account","","https://www.brentozar.com/go/setup","I'm running as NT Service\MSSQLSERVER.","169"
"MSI","24294","","MSI","2026-03-15 20:13:50 +13:00","250","Server Info","Azure Managed Instance","","https://www.BrentOzar.com/go/azurevm","cpu_rate: 2200, memory_limit_mb: 17592186044415, process_memory_limit_mb: 0, workingset_limit_mb: 0","222"
"MSI","24295","","MSI","2026-03-15 20:13:50 +13:00","250","Server Info","Data Size","","","9 databases, 141.08 GB total file size","232"
"MSI","24296","","MSI","2026-03-15 20:13:50 +13:00","250","Server Info","Default Trace Contents","","https://www.brentozar.com/go/trace","The default trace holds 54 hours of data between Mar 13 2026  2:38PM and Mar 15 2026  8:13PM. The default trace files are located in: C:\Program Files\Microsoft SQL Server\MSSQL16.MSSQLSERVER\MSSQL\Log","106"
"MSI","24297","","MSI","2026-03-15 20:13:50 +13:00","250","Server Info","Drive C Space","","","606.58 GB free on C drive (Windows) out of 1,881.61 GB total (67.76% used)","92"
"MSI","24298","","MSI","2026-03-15 20:13:50 +13:00","250","Server Info","Hardware","","","Logical processors: 22. Physical memory: 31GB.","84"
"MSI","24299","","MSI","2026-03-15 20:13:50 +13:00","250","Server Info","Hardware - Memory Counters","","https://www.brentozar.com/go/target","Target Server Memory (GB): 3.2 Total Server Memory (GB): 3.2","266"
"MSI","24300","","MSI","2026-03-15 20:13:50 +13:00","250","Server Info","Hardware - NUMA Config","","","Node: 0 State: ONLINE Online schedulers: 11 Offline schedulers: 0 Processor Group: 0 Memory node: 0 Memory VAS Reserved GB: 160","114"
"MSI","24301","","MSI","2026-03-15 20:13:50 +13:00","250","Server Info","Hardware - NUMA Config","","","Node: 1 State: ONLINE Online schedulers: 11 Offline schedulers: 0 Processor Group: 0 Memory node: 0 Memory VAS Reserved GB: 160","114"
"MSI","24302","","MSI","2026-03-15 20:13:50 +13:00","250","Server Info","Instance Stacking","","https://www.brentozar.com/go/babygotstacked/","Your Server has 2 Instances of SQL Server installed. More than one is usually a bad idea. Read the URL for more info.","212"
"MSI","24303","","MSI","2026-03-15 20:13:50 +13:00","250","Server Info","Instant File Initialization Enabled","","https://www.brentozar.com/go/instant","The service account has the Perform Volume Maintenance Tasks permission.","193"
"MSI","24304","","MSI","2026-03-15 20:13:50 +13:00","250","Server Info","Operating System Version","","https://en.wikipedia.org/wiki/List_of_Microsoft_Windows_versions","You're running Windows 10 Home, version 10.0","172"
"MSI","24305","","MSI","2026-03-15 20:13:50 +13:00","250","Server Info","Power Plan","","https://www.brentozar.com/blitz/power-mode/","Your server has 3.07GHz CPUs, and is in balanced power mode -- Uh... you want your CPUs to run at full speed, right?","211"
"MSI","24306","","MSI","2026-03-15 20:13:50 +13:00","250","Server Info","Server Last Restart","","","Mar 12 2026 12:33AM","91"
"MSI","24307","","MSI","2026-03-15 20:13:50 +13:00","250","Server Info","Server Name","","https://www.brentozar.com/go/servername","MSI","130"
"MSI","24308","","MSI","2026-03-15 20:13:50 +13:00","250","Server Info","Services","","","Service: SQL Full-text Filter Daemon Launcher (MSSQLSERVER) runs under service account NT Service\MSSQLFDLauncher. Last startup time: not shown.. Startup type: Manual, currently Running.","83"
"MSI","24309","","MSI","2026-03-15 20:13:50 +13:00","250","Server Info","Services","","","Service: SQL Server (MSSQLSERVER) runs under service account NT Service\MSSQLSERVER. Last startup time: Mar 12 2026 12:36AM. Startup type: Automatic, currently Running.","83"
"MSI","24310","","MSI","2026-03-15 20:13:50 +13:00","250","Server Info","Services","","","Service: SQL Server Agent (MSSQLSERVER) runs under service account NT Service\SQLSERVERAGENT. Last startup time: not shown.. Startup type: Automatic, currently Running.","83"
"MSI","24311","","MSI","2026-03-15 20:13:50 +13:00","250","Server Info","SQL Server Last Restart","","","Mar 12 2026 12:36AM","88"
"MSI","24312","","MSI","2026-03-15 20:13:50 +13:00","250","Server Info","SQL Server Service","","","Version: 16.0.4240.4. Patch Level: RTM. Cumulative Update: CU23. Edition: Developer Edition (64-bit). Availability Groups Enabled: 0. Availability Groups Manager Status: 1","85"
"MSI","24313","","MSI","2026-03-15 20:13:50 +13:00","250","Server Info","Virtual Server","","https://www.brentozar.com/go/virtual","Type: (HYPERVISOR)","103"
"MSI","24314","","MSI","2026-03-15 20:13:50 +13:00","254","Rundate","Mar 15 2026  8:13PM","","http://FirstResponderKit.org/","Captain's log: stardate something and something...","156"
"MSI","24315","","MSI","2026-03-15 20:13:50 +13:00","255","Thanks!","From Your Community Volunteers","","http://FirstResponderKit.org","We hope you found this tool useful.","-1"
